{"cameraMode":{"drawMode":0,"name":"Shaded","section":"Shading Mode"},"sceneLighting":false,"audioPlay":false,"sceneViewState":{"m_AlwaysRefresh":false,"showFog":true,"showSkybox":false,"showFlares":true,"showImageEffects":true,"showParticleSystems":true,"showVisualEffectGraphs":true,"m_FxEnabled":true},"in2DMode":false,"pivot":{"x":0.10087060928344727,"y":2.4756033420562746,"z":-0.12090587615966797},"rotation":{"x":0.13426387310028077,"y":0.6637550592422485,"z":-0.12284185737371445,"w":0.7254753112792969},"size":7.368772506713867,"orthographic":false}