{"cameraMode":{"drawMode":0,"name":"Shaded","section":"Shading Mode"},"sceneLighting":false,"audioPlay":false,"sceneViewState":{"m_AlwaysRefresh":false,"showFog":true,"showSkybox":false,"showFlares":true,"showImageEffects":true,"showParticleSystems":true,"showVisualEffectGraphs":true,"m_FxEnabled":true},"in2DMode":false,"pivot":{"x":0.03947359323501587,"y":0.5574359893798828,"z":0.011028647422790528},"rotation":{"x":0.13426387310028077,"y":0.6637550592422485,"z":-0.12284185737371445,"w":0.7254753112792969},"size":0.8660253882408142,"orthographic":false}